idx,N,iters,cost_min_sum,num_routes,len_routes,objective,v_speeds,elapsed_s
0,120,18000,133.799191,30,5;4;6;4;4;4;4;3;4;4;5;4;9;6;6;3;6;3;3;3;4;3;3;3;3;3;3;3;3;2,time,0.25;0.2;0.166667;0.142857;0.125,1907.586082
1,120,18000,160.224581,33,5;3;5;6;5;3;3;4;3;3;4;4;3;4;3;3;5;4;3;3;5;3;3;4;3;3;5;3;3;3;3;4;2,time,0.25;0.2;0.166667;0.142857;0.125,1941.837419
2,120,18000,192.853533,33,4;5;5;3;3;5;3;4;4;4;4;4;3;4;4;5;3;4;4;4;4;3;5;3;3;5;3;2;3;3;3;2;2,time,0.25;0.2;0.166667;0.142857;0.125,1942.391028
3,120,18000,193.563582,30,3;8;5;5;4;4;6;4;4;6;3;4;4;3;4;3;3;3;5;5;5;4;3;4;3;3;3;5;2;2,time,0.25;0.2;0.166667;0.142857;0.125,1933.598306
4,120,18000,147.892450,29,4;5;3;5;5;8;4;4;4;5;5;5;3;5;4;4;3;4;5;4;4;4;3;4;4;3;3;3;3,time,0.25;0.2;0.166667;0.142857;0.125,1949.935844
5,120,18000,164.144600,30,4;4;4;4;4;4;5;6;3;5;3;3;3;3;7;4;4;3;5;4;6;3;4;3;4;3;5;3;3;4,time,0.25;0.2;0.166667;0.142857;0.125,1942.170322
6,120,18000,166.581131,30,6;3;4;5;3;3;4;4;3;3;5;3;5;5;3;5;4;4;3;4;3;7;3;4;5;4;4;3;4;4,time,0.25;0.2;0.166667;0.142857;0.125,1974.157166
7,120,18000,136.622376,31,4;4;5;3;5;6;5;5;5;4;5;3;3;5;5;3;3;4;4;3;3;4;4;5;3;3;3;3;3;2;3,time,0.25;0.2;0.166667;0.142857;0.125,1947.304675
8,120,18000,149.013531,31,4;4;5;4;6;4;3;4;4;3;5;3;4;5;4;4;3;4;4;3;4;3;3;3;4;4;3;4;4;6;2,time,0.25;0.2;0.166667;0.142857;0.125,1927.277405
9,120,18000,189.508202,32,3;5;3;4;4;4;6;4;3;5;5;4;3;5;3;6;3;4;3;3;4;3;4;3;3;4;3;3;3;3;4;3,time,0.25;0.2;0.166667;0.142857;0.125,1957.255660
10,120,18000,172.399671,33,4;6;5;5;3;3;3;5;4;4;4;3;5;3;5;5;4;4;3;4;3;3;5;4;4;3;3;3;2;2;2;2;2,time,0.25;0.2;0.166667;0.142857;0.125,1934.364358
11,120,18000,182.997226,30,7;3;4;4;4;7;4;5;5;4;4;3;4;4;5;3;3;6;5;3;3;3;4;3;3;5;3;3;3;3,time,0.25;0.2;0.166667;0.142857;0.125,1933.760348
12,120,18000,182.250489,31,6;3;3;4;7;4;6;4;4;5;4;5;5;5;3;4;5;3;3;3;4;3;3;4;3;3;3;3;3;3;2,time,0.25;0.2;0.166667;0.142857;0.125,1947.393379
13,120,18000,156.104264,32,6;3;4;5;5;4;4;6;4;4;4;3;3;4;4;3;3;3;4;3;4;5;3;4;3;4;3;3;4;3;3;2,time,0.25;0.2;0.166667;0.142857;0.125,1915.707134
14,120,18000,197.960164,32,4;4;4;3;3;5;3;3;3;4;4;3;4;4;5;4;6;5;3;4;4;3;3;3;5;3;4;4;4;3;3;3,time,0.25;0.2;0.166667;0.142857;0.125,1967.618086
15,120,18000,207.140945,31,8;4;3;3;6;6;5;4;3;3;4;4;4;3;3;3;5;4;4;4;3;4;4;4;3;3;3;4;3;3;3,time,0.25;0.2;0.166667;0.142857;0.125,1950.109128
16,120,18000,196.877811,32,6;4;4;5;5;5;4;5;4;3;4;3;4;3;4;4;3;3;3;4;5;3;4;3;4;6;3;2;3;2;3;2,time,0.25;0.2;0.166667;0.142857;0.125,1907.702257
17,120,18000,134.991071,31,6;3;5;5;5;4;4;3;4;4;4;4;5;3;5;4;4;3;5;4;3;3;3;5;3;3;3;4;4;3;2,time,0.25;0.2;0.166667;0.142857;0.125,1947.072527
18,120,18000,221.070475,33,5;4;5;3;4;3;7;4;3;3;6;3;3;6;4;4;3;3;5;3;3;4;4;4;4;3;3;3;3;2;2;2;2,time,0.25;0.2;0.166667;0.142857;0.125,1928.282333
19,120,18000,163.829136,30,3;4;6;3;6;4;3;6;4;5;4;4;4;3;4;6;4;4;3;4;4;4;6;5;4;3;3;2;3;2,time,0.25;0.2;0.166667;0.142857;0.125,1953.273496
20,120,18000,161.237981,33,4;5;3;4;5;6;4;3;3;3;5;5;4;3;3;3;4;3;3;3;5;4;3;3;3;4;3;3;4;3;3;4;2,time,0.25;0.2;0.166667;0.142857;0.125,1955.549160
21,120,18000,142.906928,29,5;4;3;3;5;5;4;6;4;5;4;6;6;4;5;4;4;4;4;3;5;3;3;4;5;3;3;3;3,time,0.25;0.2;0.166667;0.142857;0.125,1926.340174
22,120,18000,146.165617,27,3;6;4;5;5;3;4;6;3;5;5;4;3;6;6;4;3;4;5;5;7;6;4;4;4;3;3,time,0.25;0.2;0.166667;0.142857;0.125,1951.801590
23,120,18000,166.793042,32,5;5;5;4;5;4;3;4;3;3;4;3;4;3;3;4;3;5;4;4;3;4;3;3;5;3;4;5;5;3;3;1,time,0.25;0.2;0.166667;0.142857;0.125,1935.120244
24,120,18000,134.365723,28,8;4;5;4;4;5;4;5;5;4;4;4;4;5;5;4;3;6;4;4;4;4;6;2;4;3;3;3,time,0.25;0.2;0.166667;0.142857;0.125,1951.965691
25,120,18000,185.857697,33,4;4;3;3;3;4;4;3;3;4;4;4;4;4;3;8;5;4;3;3;3;3;3;3;3;4;3;5;4;3;3;3;3,time,0.25;0.2;0.166667;0.142857;0.125,1954.692316
26,120,18000,183.217193,31,5;4;5;5;3;5;7;4;3;4;3;5;4;4;3;3;5;6;4;3;4;3;3;2;3;4;4;3;3;3;3,time,0.25;0.2;0.166667;0.142857;0.125,1935.092030
27,120,18000,180.291373,29,6;6;4;6;7;4;3;4;6;3;5;3;4;4;4;4;6;5;3;3;3;3;5;3;4;5;3;2;2,time,0.25;0.2;0.166667;0.142857;0.125,1990.295282
28,120,18000,173.399288,32,7;5;4;7;5;4;4;3;4;5;3;3;4;4;3;5;3;3;4;4;4;3;3;4;3;4;3;3;3;2;2;2,time,0.25;0.2;0.166667;0.142857;0.125,1961.317618
29,120,18000,132.273870,31,5;6;3;3;3;4;4;4;6;3;6;4;4;4;4;5;3;4;4;3;3;5;5;4;3;3;4;3;3;3;2,time,0.25;0.2;0.166667;0.142857;0.125,1931.871277
30,120,18000,167.678447,28,3;4;4;4;5;6;4;3;4;4;4;3;4;4;7;7;7;4;4;3;4;4;4;3;5;5;3;4,time,0.25;0.2;0.166667;0.142857;0.125,1976.014640
31,120,18000,173.224290,31,5;7;4;4;4;4;4;4;5;3;3;5;3;7;4;3;3;3;5;3;3;4;4;4;3;3;3;2;4;3;4,time,0.25;0.2;0.166667;0.142857;0.125,1936.826365
32,120,18000,215.986652,32,4;4;5;3;3;3;6;4;4;5;4;4;3;6;3;3;4;6;3;3;3;4;3;4;3;3;3;4;3;3;3;4,time,0.25;0.2;0.166667;0.142857;0.125,1924.515014
33,120,18000,168.739948,32,4;5;4;3;5;5;5;3;6;3;3;6;5;3;3;5;3;3;4;3;4;3;4;3;3;3;4;3;3;3;3;3,time,0.25;0.2;0.166667;0.142857;0.125,1947.640831
34,120,18000,149.318313,31,6;5;5;3;4;5;3;3;6;4;4;4;3;5;3;4;4;3;3;3;3;3;4;3;6;4;6;3;3;3;2,time,0.25;0.2;0.166667;0.142857;0.125,1928.685528
35,120,18000,152.887949,32,4;3;4;5;4;3;3;4;3;4;4;3;3;5;6;5;7;3;6;3;4;3;3;4;3;3;4;3;4;3;3;1,time,0.25;0.2;0.166667;0.142857;0.125,1977.989576
36,120,18000,150.802880,31,4;3;6;5;4;3;3;6;3;4;5;4;3;3;4;3;3;5;3;4;4;3;5;5;3;4;6;4;2;4;2,time,0.25;0.2;0.166667;0.142857;0.125,1951.821392
37,120,18000,143.982417,29,4;5;5;4;4;3;4;5;3;5;3;3;4;5;4;6;5;3;5;3;7;3;4;7;5;3;3;2;3,time,0.25;0.2;0.166667;0.142857;0.125,1920.386211
38,120,18000,187.010669,30,9;8;5;4;3;4;4;4;6;4;3;3;4;3;5;8;4;6;4;3;3;3;3;2;3;3;3;2;2;2,time,0.25;0.2;0.166667;0.142857;0.125,2001.318652
39,120,18000,143.967752,32,7;4;4;5;4;3;4;5;3;4;4;3;3;4;4;4;4;4;4;3;5;4;4;3;3;3;2;3;4;3;3;3,time,0.25;0.2;0.166667;0.142857;0.125,1916.058803
40,120,18000,151.512208,29,4;5;3;5;4;5;5;4;4;3;3;3;6;8;6;3;4;3;3;4;3;5;4;5;4;6;4;3;1,time,0.25;0.2;0.166667;0.142857;0.125,1942.742653
41,120,18000,162.103495,30,5;4;6;4;5;4;5;3;4;5;5;5;3;4;3;7;3;7;3;4;5;3;3;3;3;3;4;2;3;2,time,0.25;0.2;0.166667;0.142857;0.125,1952.338569
42,120,18000,144.058963,32,3;5;5;4;4;6;5;3;3;6;4;3;4;3;5;3;3;4;3;4;3;3;6;3;3;3;3;3;3;5;3;2,time,0.25;0.2;0.166667;0.142857;0.125,1941.301691
43,120,18000,174.465154,28,4;6;3;5;4;3;4;4;6;5;3;4;4;9;3;6;5;5;6;4;5;4;3;4;3;3;2;3,time,0.25;0.2;0.166667;0.142857;0.125,1945.453803
44,120,18000,193.408063,32,4;4;6;4;3;3;4;4;4;4;4;3;7;4;5;3;5;5;3;3;3;4;4;4;3;3;4;2;3;3;4;1,time,0.25;0.2;0.166667;0.142857;0.125,1962.498829
45,120,18000,157.002281,28,4;3;3;4;9;6;8;4;4;5;3;4;4;4;3;3;4;7;4;3;4;4;5;4;4;5;3;2,time,0.25;0.2;0.166667;0.142857;0.125,1994.042571
46,120,18000,139.302375,31,4;5;6;5;4;4;6;4;4;5;6;3;4;3;6;4;5;3;3;3;3;4;4;3;4;4;3;2;2;2;2,time,0.25;0.2;0.166667;0.142857;0.125,1918.268508
47,120,18000,158.041246,28,5;4;5;5;4;4;5;4;5;4;3;3;4;4;4;6;6;5;5;3;5;4;3;5;5;4;3;3,time,0.25;0.2;0.166667;0.142857;0.125,2002.935319
48,120,18000,156.367698,29,6;5;3;5;3;5;3;3;4;4;3;5;4;7;4;5;3;4;4;5;5;4;3;8;3;3;3;4;2,time,0.25;0.2;0.166667;0.142857;0.125,1956.924913
49,120,18000,176.622398,31,3;6;6;7;4;5;4;5;4;4;3;3;4;3;3;3;3;5;4;4;3;5;3;4;3;5;4;3;2;2;3,time,0.25;0.2;0.166667;0.142857;0.125,1947.631498
50,120,18000,182.213518,32,3;4;3;5;3;5;4;5;3;4;4;3;5;4;5;3;5;4;4;4;6;4;6;4;3;3;2;3;2;3;2;2,time,0.25;0.2;0.166667;0.142857;0.125,1950.858543
51,120,18000,189.328546,33,4;3;4;5;3;4;5;4;3;3;6;3;3;3;3;5;4;5;3;5;3;5;3;4;3;4;3;2;3;3;4;3;2,time,0.25;0.2;0.166667;0.142857;0.125,1956.432318
52,120,18000,140.214125,32,7;4;3;7;5;4;7;3;4;4;4;5;3;4;3;3;3;4;3;4;3;3;3;3;3;4;3;4;3;3;2;2,time,0.25;0.2;0.166667;0.142857;0.125,1947.551442
53,120,18000,186.670214,32,4;5;5;5;9;4;4;3;4;3;3;4;6;5;4;3;4;3;3;3;4;3;3;3;3;3;3;4;3;3;2;2,time,0.25;0.2;0.166667;0.142857;0.125,1976.564083
54,120,18000,193.725243,30,7;4;5;3;4;4;3;4;3;4;4;4;3;5;5;6;3;5;3;6;4;7;3;4;4;3;2;3;3;2,time,0.25;0.2;0.166667;0.142857;0.125,1981.885568
55,120,18000,141.021092,32,3;4;5;5;3;5;5;4;3;3;3;3;6;4;3;4;5;6;3;5;3;6;4;3;3;2;3;2;3;4;3;2,time,0.25;0.2;0.166667;0.142857;0.125,1955.871763
56,120,18000,172.701359,31,5;6;3;5;3;4;5;4;4;5;3;4;4;5;4;4;3;5;4;5;6;3;3;3;4;3;4;2;3;3;1,time,0.25;0.2;0.166667;0.142857;0.125,1928.041567
57,120,18000,141.790948,31,4;5;5;5;6;8;4;3;5;5;4;4;6;7;3;3;3;4;3;3;2;3;4;4;2;3;2;2;3;2;3,time,0.25;0.2;0.166667;0.142857;0.125,1942.213775
58,120,18000,127.506695,29,4;4;6;4;7;5;3;4;4;4;7;4;6;3;3;5;5;3;5;4;3;4;4;5;3;3;3;3;2,time,0.25;0.2;0.166667;0.142857;0.125,1935.318537
59,120,18000,144.593045,29,4;4;4;6;5;4;6;4;4;7;4;7;5;3;4;5;4;3;4;5;4;4;3;3;2;3;3;3;3,time,0.25;0.2;0.166667;0.142857;0.125,1945.991613
60,120,18000,160.735489,31,5;5;3;4;3;3;3;5;3;3;4;3;3;3;4;3;6;5;4;7;5;4;4;3;5;4;3;5;3;3;2,time,0.25;0.2;0.166667;0.142857;0.125,1940.202425
61,120,18000,232.821354,34,4;4;5;4;3;3;4;7;5;5;4;3;3;3;4;3;6;3;3;3;3;3;3;3;5;3;4;2;2;2;3;2;3;3,time,0.25;0.2;0.166667;0.142857;0.125,1912.567858
62,120,18000,191.923805,31,5;4;3;5;4;4;6;4;5;6;4;3;5;4;3;4;4;3;3;3;6;4;4;3;3;3;3;2;3;3;4,time,0.25;0.2;0.166667;0.142857;0.125,1930.026621
63,120,18000,203.730472,31,5;5;8;3;3;5;5;3;3;4;6;3;6;3;4;3;4;4;4;4;3;4;3;3;3;3;3;3;3;3;4,time,0.25;0.2;0.166667;0.142857;0.125,1954.600991
64,120,18000,155.859330,29,4;3;5;4;4;4;4;5;4;6;4;4;3;6;5;4;5;4;3;4;6;3;3;4;5;4;3;4;3,time,0.25;0.2;0.166667;0.142857;0.125,1954.999267
65,120,18000,171.957159,30,3;6;3;4;4;4;5;4;6;9;4;6;3;4;3;6;4;4;4;3;5;2;3;4;3;3;3;3;3;2,time,0.25;0.2;0.166667;0.142857;0.125,1940.013345
66,120,18000,169.658359,30,4;4;4;4;4;3;4;6;3;4;7;3;3;4;3;7;4;5;7;3;3;3;4;3;5;3;4;3;3;3,time,0.25;0.2;0.166667;0.142857;0.125,1942.426495
67,120,18000,159.257038,33,6;4;3;4;3;4;4;4;5;5;3;3;3;5;4;8;4;6;4;4;4;3;3;3;2;3;2;2;2;2;3;2;3,time,0.25;0.2;0.166667;0.142857;0.125,1895.517233
68,120,18000,166.974737,31,4;4;3;5;3;4;3;4;4;5;3;4;3;5;5;6;5;4;4;4;5;5;3;4;3;3;4;4;3;2;2,time,0.25;0.2;0.166667;0.142857;0.125,1935.443117
69,120,18000,178.245056,31,3;7;5;3;3;5;7;3;4;3;3;4;4;4;5;4;3;4;3;3;6;4;4;3;4;4;4;3;3;3;2,time,0.25;0.2;0.166667;0.142857;0.125,1915.700794
70,120,18000,163.035436,31,6;4;5;5;3;5;5;3;5;4;3;3;6;4;4;3;7;3;3;5;4;4;3;3;4;3;3;3;2;3;2,time,0.25;0.2;0.166667;0.142857;0.125,1947.319560
71,120,18000,165.698606,33,4;4;4;3;5;5;4;3;4;6;3;3;3;3;3;5;3;3;4;3;3;3;4;3;3;4;3;3;4;3;4;5;3,time,0.25;0.2;0.166667;0.142857;0.125,1926.925594
72,120,18000,124.365127,29,4;3;5;6;5;4;6;4;4;3;4;3;9;7;5;5;4;3;4;3;3;4;4;3;5;3;2;3;2,time,0.25;0.2;0.166667;0.142857;0.125,1945.741422
73,120,18000,154.332580,31,4;3;5;3;4;4;4;6;4;3;5;3;4;4;4;4;4;3;4;3;5;7;3;3;3;4;3;5;3;4;2,time,0.25;0.2;0.166667;0.142857;0.125,1919.686496
74,120,18000,192.171275,32,4;5;3;3;4;5;3;3;3;3;6;6;4;4;3;4;3;4;3;6;3;3;4;3;3;5;3;5;4;3;3;2,time,0.25;0.2;0.166667;0.142857;0.125,1894.338934
75,120,18000,181.922325,32,4;3;5;3;4;4;3;3;3;8;4;5;4;7;4;4;4;3;4;4;3;4;5;3;4;4;2;3;3;2;2;2,time,0.25;0.2;0.166667;0.142857;0.125,1943.913136
76,120,18000,174.848106,33,5;4;4;4;3;3;3;5;3;6;4;5;4;3;3;4;4;4;4;3;4;3;4;5;3;3;3;3;3;3;4;3;1,time,0.25;0.2;0.166667;0.142857;0.125,1949.411998
77,120,18000,173.131652,28,5;5;7;3;4;4;6;4;4;4;4;4;4;5;4;4;5;4;4;5;3;3;3;4;3;5;4;6,time,0.25;0.2;0.166667;0.142857;0.125,1993.072355
78,120,18000,186.949520,28,5;4;4;4;5;6;4;8;4;4;4;3;3;5;3;4;4;4;3;4;5;5;4;4;4;3;4;6,time,0.25;0.2;0.166667;0.142857;0.125,1998.370187
79,120,18000,165.872114,32,3;4;4;3;4;4;3;4;4;3;3;5;3;4;6;5;3;4;4;5;4;3;3;7;4;3;3;3;3;3;3;3,time,0.25;0.2;0.166667;0.142857;0.125,1901.479569
80,120,18000,170.468587,31,5;5;5;5;4;3;5;4;3;6;3;4;4;5;3;3;4;3;3;5;4;3;4;3;4;4;3;4;3;3;3,time,0.25;0.2;0.166667;0.142857;0.125,1982.387881
81,120,18000,148.755573,31,4;4;6;3;4;7;4;4;3;3;4;4;6;3;7;5;5;3;4;5;3;3;3;3;4;3;3;3;3;2;2,time,0.25;0.2;0.166667;0.142857;0.125,1904.518407
82,120,18000,154.487738,32,5;6;4;5;4;4;3;4;8;4;3;5;4;4;4;3;3;3;3;3;4;4;4;3;3;3;4;2;2;4;3;2,time,0.25;0.2;0.166667;0.142857;0.125,1940.404186
83,120,18000,140.957549,31,4;3;3;3;5;4;4;3;6;3;6;5;3;4;6;5;3;3;5;3;3;4;3;4;5;5;3;3;3;3;3,time,0.25;0.2;0.166667;0.142857;0.125,1925.342212
84,120,18000,139.695315,33,4;4;5;5;4;3;6;4;3;4;4;4;3;4;7;3;3;3;3;3;5;4;3;4;4;3;3;3;3;3;2;3;1,time,0.25;0.2;0.166667;0.142857;0.125,1927.612442
85,120,18000,141.346278,29,5;5;4;6;6;4;5;4;5;5;4;4;7;4;3;4;3;4;3;3;5;4;3;4;3;4;4;3;2,time,0.25;0.2;0.166667;0.142857;0.125,1960.826847
86,120,18000,190.878205,29,6;3;3;5;4;5;3;5;4;3;6;4;5;5;3;3;3;3;8;6;3;5;6;3;4;3;3;3;3,time,0.25;0.2;0.166667;0.142857;0.125,1946.977627
87,120,18000,220.900482,32,5;4;4;5;4;3;4;4;4;6;4;4;5;5;3;6;4;3;3;3;3;5;3;3;3;3;4;2;4;2;3;2,time,0.25;0.2;0.166667;0.142857;0.125,1976.569306
88,120,18000,180.155274,31,6;3;4;5;7;4;5;5;3;4;5;3;4;4;5;3;4;3;4;3;3;4;5;3;2;3;3;4;3;3;3,time,0.25;0.2;0.166667;0.142857;0.125,1926.372696
89,120,18000,191.062247,31,5;3;4;6;3;4;4;3;4;4;4;5;4;3;4;6;6;6;4;4;4;3;4;4;3;3;3;2;3;3;2,time,0.25;0.2;0.166667;0.142857;0.125,1951.159082
90,120,18000,191.921644,28,6;3;7;6;4;5;7;4;6;3;7;4;4;3;4;8;4;3;4;4;3;4;3;3;3;3;3;2,time,0.25;0.2;0.166667;0.142857;0.125,1958.740241
91,120,18000,188.148107,30,5;5;4;4;5;4;4;3;3;3;5;4;5;4;4;4;4;8;5;6;3;3;3;3;3;3;3;3;4;3,time,0.25;0.2;0.166667;0.142857;0.125,1927.802297
92,120,18000,197.196489,31,7;3;4;6;3;4;4;3;4;3;6;3;4;4;5;5;4;3;6;4;3;3;4;4;4;3;3;2;4;3;2,time,0.25;0.2;0.166667;0.142857;0.125,1944.277524
93,120,18000,137.437834,31,6;5;5;6;3;4;3;5;3;4;5;4;4;4;4;3;3;8;4;3;3;4;3;3;3;5;3;3;3;2;2,time,0.25;0.2;0.166667;0.142857;0.125,1942.536146
94,120,18000,179.570206,34,5;4;5;4;3;3;4;3;3;3;3;3;5;5;4;7;3;3;3;4;3;3;3;4;3;3;4;3;4;2;3;3;2;3,time,0.25;0.2;0.166667;0.142857;0.125,1894.278800
95,120,18000,176.680934,29,6;6;6;3;4;5;6;3;4;6;4;5;6;5;3;3;5;3;3;6;4;4;3;3;3;2;2;3;4,time,0.25;0.2;0.166667;0.142857;0.125,1963.813598
96,120,18000,171.101415,31,6;5;5;5;4;4;3;4;4;4;3;3;3;3;3;4;5;3;3;7;4;4;3;4;4;4;3;3;4;3;3,time,0.25;0.2;0.166667;0.142857;0.125,1955.234044
97,120,18000,169.397488,31,5;4;3;3;5;5;4;4;5;4;3;4;3;4;5;7;6;4;3;3;5;4;3;4;3;3;3;3;3;2;3,time,0.25;0.2;0.166667;0.142857;0.125,1938.161307
98,120,18000,146.857009,31,4;5;5;3;6;3;4;5;3;4;4;4;3;5;5;3;5;5;5;5;3;3;5;4;3;3;3;3;2;3;2,time,0.25;0.2;0.166667;0.142857;0.125,1934.532962
99,120,18000,213.364541,30,5;4;4;5;3;3;5;4;4;6;5;4;4;4;3;3;5;4;4;4;4;3;3;4;4;4;4;3;5;3,time,0.25;0.2;0.166667;0.142857;0.125,1949.225909
100,120,18000,153.642090,32,5;3;5;4;4;6;4;3;4;3;4;3;3;3;3;4;5;3;4;4;4;3;5;5;3;4;4;4;3;4;3;1,time,0.25;0.2;0.166667;0.142857;0.125,1943.956005
101,120,18000,183.472693,30,4;3;7;4;5;5;3;5;7;5;6;4;7;3;4;5;3;3;3;3;3;3;3;4;4;3;3;3;3;2,time,0.25;0.2;0.166667;0.142857;0.125,1955.294749
102,120,18000,182.254142,33,5;4;4;4;3;3;4;6;3;7;4;3;7;3;4;3;4;3;3;3;4;4;5;3;3;3;2;2;3;2;3;3;3,time,0.25;0.2;0.166667;0.142857;0.125,1957.144924
103,120,18000,182.659534,30,4;5;6;4;3;4;4;4;4;3;5;4;3;6;6;4;3;6;6;3;4;3;3;3;3;3;4;3;4;3,time,0.25;0.2;0.166667;0.142857;0.125,1947.283147
104,120,18000,165.746787,30,5;4;4;5;4;3;3;3;4;6;5;5;3;4;4;5;4;4;4;5;4;5;4;3;3;3;3;4;4;3,time,0.25;0.2;0.166667;0.142857;0.125,1969.736456
105,120,18000,184.199593,32,4;3;3;5;4;3;4;4;3;4;4;6;6;4;4;4;3;3;5;3;4;4;3;5;5;4;4;3;3;3;2;1,time,0.25;0.2;0.166667;0.142857;0.125,2016.886099
106,120,18000,172.938062,30,4;4;4;5;6;4;5;5;4;3;3;4;3;3;6;3;3;4;8;3;3;5;4;5;4;5;3;3;2;2,time,0.25;0.2;0.166667;0.142857;0.125,1957.246465
107,120,18000,134.199891,29,4;4;4;4;4;5;4;4;5;4;4;3;3;5;4;6;5;6;4;3;4;6;4;3;3;4;3;5;3,time,0.25;0.2;0.166667;0.142857;0.125,1921.073713
108,120,18000,137.644206,31,3;5;4;5;7;5;4;6;3;3;4;3;4;3;5;6;6;3;4;4;4;3;4;3;3;4;3;2;3;2;2,time,0.25;0.2;0.166667;0.142857;0.125,1931.661072
109,120,18000,199.646222,31,4;5;6;5;4;5;5;3;5;4;3;4;4;3;5;6;6;6;3;3;3;2;3;3;3;4;3;3;2;2;3,time,0.25;0.2;0.166667;0.142857;0.125,1967.675221
110,120,18000,196.569669,30,5;5;4;3;5;5;6;5;8;5;3;3;5;3;4;3;5;4;5;3;3;4;4;3;4;3;3;3;2;2,time,0.25;0.2;0.166667;0.142857;0.125,1981.318286
111,120,18000,129.996678,30,5;6;4;6;3;4;4;4;6;6;6;6;5;4;3;3;4;5;3;3;3;4;3;4;2;3;3;2;3;3,time,0.25;0.2;0.166667;0.142857;0.125,1926.049344
112,120,18000,135.515126,31,6;4;4;5;4;4;4;5;6;5;4;5;4;3;7;7;3;2;3;3;2;3;2;3;4;3;3;3;3;3;3,time,0.25;0.2;0.166667;0.142857;0.125,1941.812389
113,120,18000,143.704095,30,7;5;5;5;3;4;3;4;4;3;6;4;4;4;5;4;4;4;3;4;3;4;3;3;4;4;3;3;6;2,time,0.25;0.2;0.166667;0.142857;0.125,1926.642043
114,120,18000,154.686363,31,3;5;10;4;6;6;3;4;3;3;4;3;4;3;4;3;3;5;3;5;3;3;3;3;4;4;4;3;4;3;2,time,0.25;0.2;0.166667;0.142857;0.125,1932.155806
115,120,18000,152.149640,29,4;5;4;5;6;4;4;5;3;7;7;5;5;5;4;3;4;4;4;5;4;4;3;3;2;3;3;2;3,time,0.25;0.2;0.166667;0.142857;0.125,1967.904713
116,120,18000,165.972547,32,6;4;6;4;3;4;3;5;3;4;3;4;4;4;4;5;4;5;3;4;3;3;3;3;4;3;3;4;3;4;3;2,time,0.25;0.2;0.166667;0.142857;0.125,1941.166080
117,120,18000,185.690113,32,5;6;5;4;7;3;4;4;3;4;4;5;5;5;4;3;3;4;4;3;4;3;3;3;3;3;3;3;3;2;2;3,time,0.25;0.2;0.166667;0.142857;0.125,1930.495167
118,120,18000,184.453307,30,4;3;6;3;5;4;4;5;7;3;4;5;4;5;6;6;5;3;3;3;3;5;3;3;3;4;4;3;2;2,time,0.25;0.2;0.166667;0.142857;0.125,1952.324592
119,120,18000,152.299788,28,6;5;8;3;6;4;3;3;4;6;3;5;7;5;7;7;4;3;4;3;3;3;4;3;3;3;3;2,time,0.25;0.2;0.166667;0.142857;0.125,1941.441673
120,120,18000,218.902998,31,5;5;4;4;4;3;4;7;5;5;5;4;4;3;4;4;3;3;4;3;8;4;3;3;3;4;2;3;3;2;2,time,0.25;0.2;0.166667;0.142857;0.125,1961.965963
121,120,18000,186.327873,31,5;5;3;4;4;4;5;5;4;5;3;5;4;3;4;4;5;3;4;3;3;3;3;3;3;3;4;4;4;5;3,time,0.25;0.2;0.166667;0.142857;0.125,1938.730946
122,120,18000,196.520717,29,6;4;4;4;4;6;5;5;4;3;5;4;5;4;6;4;6;3;5;3;5;3;4;3;3;4;3;3;2,time,0.25;0.2;0.166667;0.142857;0.125,1965.203487
123,120,18000,150.479773,32,5;5;4;3;4;3;7;4;7;7;6;3;5;3;4;3;3;3;3;3;3;3;4;3;4;2;3;3;3;2;2;3,time,0.25;0.2;0.166667;0.142857;0.125,1921.595712
124,120,18000,152.850946,32,5;5;4;4;4;4;4;5;4;5;3;4;3;4;4;3;3;5;5;4;3;3;4;3;3;3;3;4;3;3;3;3,time,0.25;0.2;0.166667;0.142857;0.125,1949.099513
125,120,18000,140.096988,30,3;6;7;3;5;6;3;4;5;3;6;4;4;3;6;3;4;3;4;4;3;3;3;3;3;4;3;5;5;2,time,0.25;0.2;0.166667;0.142857;0.125,1928.891093
126,120,18000,201.964320,30,5;3;4;7;4;4;5;4;4;5;3;3;8;6;4;5;3;4;4;6;5;4;2;3;3;3;2;2;2;3,time,0.25;0.2;0.166667;0.142857;0.125,1955.769297
127,120,18000,159.519867,30,5;5;4;4;4;3;3;4;4;4;4;4;3;4;4;6;3;4;6;5;3;5;7;3;3;4;4;3;3;2,time,0.25;0.2;0.166667;0.142857;0.125,1960.432229
128,120,18000,180.214512,32,4;6;3;3;3;3;3;4;3;4;3;3;4;3;3;4;3;4;5;6;3;5;4;3;4;4;5;4;6;4;3;1,time,0.25;0.2;0.166667;0.142857;0.125,1961.703579
129,120,18000,162.904000,29,4;4;6;3;4;7;5;4;4;5;4;5;7;4;5;5;4;3;5;3;4;3;4;3;3;3;3;3;3,time,0.25;0.2;0.166667;0.142857;0.125,1959.609120
130,120,18000,140.297283,29,5;5;4;5;4;4;4;7;3;4;4;5;3;4;5;3;3;5;3;3;4;3;6;6;5;4;4;3;2,time,0.25;0.2;0.166667;0.142857;0.125,1917.065516
131,120,18000,169.996065,31,5;3;6;4;3;5;6;4;6;3;6;4;4;4;5;4;4;3;4;4;6;2;3;3;3;4;3;3;2;2;2,time,0.25;0.2;0.166667;0.142857;0.125,1932.752347
132,120,18000,171.484177,31,6;3;6;5;4;3;4;4;4;4;5;4;4;4;6;4;4;5;3;3;5;3;3;3;3;3;4;4;2;3;2,time,0.25;0.2;0.166667;0.142857;0.125,1958.300134
133,120,18000,157.367753,31,5;5;4;5;3;4;5;4;3;4;6;4;5;3;5;4;4;3;4;3;4;3;3;5;3;4;6;3;2;2;2,time,0.25;0.2;0.166667;0.142857;0.125,2173.953236
134,120,18000,139.937871,31,4;4;3;5;4;3;5;5;4;6;5;7;3;4;3;4;5;3;3;4;3;3;4;3;4;5;3;3;4;2;2,time,0.25;0.2;0.166667;0.142857;0.125,2164.423711
135,120,18000,167.680704,33,4;3;5;3;5;4;3;4;3;3;3;3;3;4;3;4;4;5;5;4;5;3;3;3;4;3;4;3;3;4;3;3;4,time,0.25;0.2;0.166667;0.142857;0.125,2202.209446
136,120,18000,183.372151,30,7;4;4;4;5;4;4;6;5;4;7;4;8;3;4;4;3;3;3;3;4;3;3;4;4;3;3;2;3;2,time,0.25;0.2;0.166667;0.142857;0.125,2189.052598
137,120,18000,195.259109,31,6;5;3;4;3;4;3;4;4;4;4;4;3;4;5;4;3;4;4;4;3;3;3;3;4;7;4;3;5;3;3,time,0.25;0.2;0.166667;0.142857;0.125,2220.602737
138,120,18000,141.072445,28,4;6;5;3;7;7;4;4;6;4;5;6;5;5;4;4;4;5;3;4;4;3;4;3;3;3;3;2,time,0.25;0.2;0.166667;0.142857;0.125,2195.187547
139,120,18000,176.748112,31,6;4;5;3;4;5;7;3;3;3;3;4;5;3;5;5;3;4;4;4;5;3;4;5;3;4;3;4;2;3;1,time,0.25;0.2;0.166667;0.142857;0.125,2194.175498
140,120,18000,135.037757,28,8;7;4;3;6;5;4;4;3;4;5;5;3;8;4;3;3;3;4;3;4;3;3;3;4;5;3;6,time,0.25;0.2;0.166667;0.142857;0.125,2159.480502
141,120,18000,140.847352,30,5;4;5;5;5;6;3;4;5;5;4;3;5;4;6;3;3;4;3;5;4;4;3;4;2;3;4;3;3;3,time,0.25;0.2;0.166667;0.142857;0.125,2145.540949
142,120,18000,170.036632,29,9;7;5;4;4;5;3;4;6;3;3;4;4;5;4;5;4;5;5;4;4;3;3;4;3;2;3;2;3,time,0.25;0.2;0.166667;0.142857;0.125,2242.470730
143,120,18000,171.107275,33,5;5;4;3;6;3;4;3;3;3;3;4;3;3;3;3;3;3;3;3;3;4;7;4;5;3;3;3;6;4;2;3;3,time,0.25;0.2;0.166667;0.142857;0.125,2169.013032
144,120,18000,139.598594,28,7;7;3;4;3;6;5;6;3;4;6;3;3;3;5;5;5;6;5;3;4;3;3;3;5;4;3;3,time,0.25;0.2;0.166667;0.142857;0.125,2188.028868
145,120,18000,172.282925,32,4;3;5;5;5;5;5;3;4;4;3;4;4;4;5;3;4;4;3;3;5;3;4;3;4;3;3;3;4;3;2;3,time,0.25;0.2;0.166667;0.142857;0.125,2123.116436
146,120,18000,172.932273,29,5;5;5;4;4;4;5;4;4;4;4;4;5;5;3;5;4;3;3;4;5;3;3;5;5;4;6;3;2,time,0.25;0.2;0.166667;0.142857;0.125,2003.249416
147,120,18000,147.604254,27,9;3;4;6;3;5;7;10;4;4;4;4;4;4;5;3;4;3;3;4;4;4;3;3;5;3;5,time,0.25;0.2;0.166667;0.142857;0.125,2102.678010
148,120,18000,167.041605,31,5;7;4;3;5;5;3;4;3;5;4;3;6;4;3;4;4;4;3;5;3;3;4;3;3;3;3;3;3;4;4,time,0.25;0.2;0.166667;0.142857;0.125,2035.978928
149,120,18000,181.416280,30,5;5;3;3;6;5;3;3;3;4;5;5;4;4;4;3;3;4;5;4;4;3;6;5;4;3;4;3;3;4,time,0.25;0.2;0.166667;0.142857;0.125,2028.486611
150,120,18000,150.316418,28,5;5;3;3;3;7;3;4;5;4;6;5;4;7;6;4;4;3;4;3;4;6;4;3;5;3;4;3,time,0.25;0.2;0.166667;0.142857;0.125,2039.236346
151,120,18000,156.894655,30,4;5;3;5;6;4;4;4;4;5;5;4;4;4;5;3;5;6;4;4;3;4;3;4;3;3;2;4;4;2,time,0.25;0.2;0.166667;0.142857;0.125,2005.269828
152,120,18000,174.774653,31,4;6;4;3;7;6;3;6;3;5;4;4;4;4;3;3;3;3;3;3;3;4;3;3;3;4;4;6;4;2;3,time,0.25;0.2;0.166667;0.142857;0.125,2028.857146
153,120,18000,172.471458,32,5;4;5;5;4;4;6;5;3;3;5;3;3;3;5;3;4;4;3;3;4;4;4;5;2;3;3;3;3;3;3;3,time,0.25;0.2;0.166667;0.142857;0.125,2088.154346
154,120,18000,171.774533,29,5;5;6;3;4;4;5;4;4;4;6;5;5;4;4;5;4;3;3;4;6;4;3;4;4;3;3;3;3,time,0.25;0.2;0.166667;0.142857;0.125,2046.345629
155,120,18000,197.030060,32,4;4;4;3;4;3;5;4;5;4;3;3;3;3;4;6;3;4;4;3;6;7;3;3;3;3;5;3;3;3;3;2,time,0.25;0.2;0.166667;0.142857;0.125,1963.884841
156,120,18000,154.509131,31,3;6;3;5;4;4;3;4;3;4;5;3;4;6;5;4;5;4;3;3;4;5;3;3;5;3;6;4;3;2;1,time,0.25;0.2;0.166667;0.142857;0.125,2029.503053
157,120,18000,151.010016,30,5;3;3;3;4;4;5;7;7;3;3;4;3;4;5;3;6;3;3;4;3;7;4;3;3;3;4;5;4;2,time,0.25;0.2;0.166667;0.142857;0.125,2043.778870
158,120,18000,149.171330,30,4;5;5;5;6;3;4;7;4;5;4;4;4;3;4;4;4;4;3;4;5;5;4;3;3;3;4;4;2;1,time,0.25;0.2;0.166667;0.142857;0.125,1997.630498
159,120,18000,144.427176,32,4;4;3;4;4;5;4;3;4;5;9;4;4;3;6;5;3;3;4;3;3;3;3;3;3;3;4;3;3;3;3;2,time,0.25;0.2;0.166667;0.142857;0.125,1946.627058
160,120,18000,173.553153,31,5;4;4;3;3;3;3;4;3;4;4;6;3;5;3;6;5;4;4;4;7;3;4;3;4;3;3;3;3;3;4,time,0.25;0.2;0.166667;0.142857;0.125,1957.545878
161,120,18000,153.254536,32,3;4;4;5;4;4;4;3;3;4;5;4;4;4;3;4;3;7;5;6;6;3;3;4;3;2;3;4;3;2;2;2,time,0.25;0.2;0.166667;0.142857;0.125,1900.593549
162,120,18000,170.766928,29,7;5;6;4;5;3;4;3;3;5;3;5;3;4;6;3;4;4;4;6;4;5;4;3;4;4;3;3;3,time,0.25;0.2;0.166667;0.142857;0.125,1972.609384
163,120,18000,200.503587,31,4;3;4;4;3;4;5;4;3;3;4;4;6;6;4;5;4;4;4;6;4;4;3;4;4;6;3;2;2;2;2,time,0.25;0.2;0.166667;0.142857;0.125,1914.238910
164,120,18000,177.067435,30,8;7;4;4;3;5;4;4;5;4;3;4;7;6;3;6;3;3;4;4;3;3;4;2;2;3;3;3;3;3,time,0.25;0.2;0.166667;0.142857;0.125,1945.450216
165,120,18000,152.686889,29,5;5;4;3;4;5;5;6;4;4;3;4;3;3;4;5;3;4;3;5;5;4;4;5;3;4;4;3;6,time,0.25;0.2;0.166667;0.142857;0.125,2005.450062
166,120,18000,141.822509,32,4;5;4;5;5;4;4;6;4;4;5;4;3;4;5;7;4;4;3;3;2;2;3;3;3;3;3;3;3;3;3;2,time,0.25;0.2;0.166667;0.142857;0.125,1910.607661
167,120,18000,162.263399,29,5;5;6;3;3;3;3;5;4;4;7;4;4;4;5;3;4;4;3;3;6;4;4;6;4;5;4;4;1,time,0.25;0.2;0.166667;0.142857;0.125,1939.978158
168,120,18000,147.893163,33,3;5;5;7;5;8;3;4;3;4;4;3;3;3;3;3;3;3;3;3;3;5;3;4;3;3;3;3;4;3;3;3;2,time,0.25;0.2;0.166667;0.142857;0.125,1908.450251
169,120,18000,183.607866,33,3;6;5;4;5;4;4;4;4;3;3;7;4;3;4;4;3;5;3;4;3;3;4;3;3;3;3;2;3;3;3;3;2,time,0.25;0.2;0.166667;0.142857;0.125,1958.083581
170,120,18000,192.059105,29,5;4;7;6;4;4;3;4;4;3;5;4;5;5;5;5;3;4;5;3;4;4;5;6;4;3;2;3;1,time,0.25;0.2;0.166667;0.142857;0.125,2115.323662
171,120,18000,202.037308,32,4;4;5;4;4;3;4;5;3;5;3;4;4;5;4;3;3;3;3;4;3;3;3;3;4;5;5;5;4;2;4;2,time,0.25;0.2;0.166667;0.142857;0.125,2163.050023
172,120,18000,182.139157,29,5;5;7;5;3;4;3;4;6;4;5;5;5;4;4;4;3;4;3;5;4;4;3;5;3;3;4;3;3,time,0.25;0.2;0.166667;0.142857;0.125,2213.976216
173,120,18000,211.938280,30,6;3;4;7;4;3;5;6;7;4;5;3;3;4;4;3;4;4;5;5;4;4;4;3;3;3;3;3;2;2,time,0.25;0.2;0.166667;0.142857;0.125,2252.195234
174,120,18000,165.823722,32,5;5;5;5;3;4;5;3;3;4;3;3;3;4;3;4;7;3;5;3;3;4;5;3;4;3;4;3;4;3;2;2,time,0.25;0.2;0.166667;0.142857;0.125,2171.195436
175,120,18000,202.378734,31,4;6;6;4;4;5;4;3;4;4;4;4;5;4;3;4;3;4;3;4;3;4;6;6;3;4;2;2;3;3;2,time,0.25;0.2;0.166667;0.142857;0.125,2166.557439
176,120,18000,145.775866,29,5;7;4;4;4;4;5;6;4;5;3;4;6;6;4;6;3;3;5;4;3;4;3;3;4;3;3;3;2,time,0.25;0.2;0.166667;0.142857;0.125,2248.979778
